{"levels":[{"name":"level1","rooms":[{"tiles":[{"tileType":"Open","tileGridPosition":{"y":0,"x":0},"entities":[]},{"tileType":"Solid","tileGridPosition":{"y":0,"x":1},"entities":[]},{"tileType":"Open","tileGridPosition":{"y":0,"x":2},"entities":[]},{"tileType":"Open","tileGridPosition":{"y":1,"x":0},"entities":[]},{"tileType":"Solid","tileGridPosition":{"y":1,"x":1},"entities":[]},{"tileType":"Open","tileGridPosition":{"y":1,"x":2},"entities":[]},{"tileType":"Open","tileGridPosition":{"y":2,"x":0},"entities":[]},{"tileType":"Open","tileGridPosition":{"y":2,"x":1},"entities":[]},{"tileType":"Open","tileGridPosition":{"y":2,"x":2},"entities":[]}],"roomId":{"objectId":1}}]}]}